date,product,quantity,price
2025-04-13,Galetes,3,1.63
2025-06-29,Formatge,7,2.69
2025-04-03,Plàtan,7,0.53
2025-01-15,Poma,7,0.77
2025-04-17,Te,4,2.19
2025-03-13,Poma,3,0.76
2025-01-21,Pa,9,1.18
2025-04-13,Sucre,7,0.94
2025-05-02,Ou,4,0.27
2025-03-16,Aigua mineral,6,0.36
2025-03-29,Pollastre,3,5.64
2025-04-27,Arròs,10,1.17
2025-04-10,Cafè,10,3.66
2025-04-14,Te,4,2.12
2025-06-01,Sal,5,0.4
2025-05-11,Paper higiènic,7,0.41
2025-05-30,Pasta,2,1.13
2025-02-22,Llet,6,0.87
2025-01-02,Sal,5,0.39
2025-03-29,Tomàquet,5,1.17
2025-06-07,Paper higiènic,7,0.43
2025-02-07,Cervesa,9,0.84
2025-05-10,Pasta,3,1.06
2025-01-21,Sal,4,0.39
2025-06-10,Galetes,4,1.6
2025-02-27,Pollastre,3,5.54
2025-01-22,Plàtan,6,0.48
2025-03-30,Cafè,4,3.7
2025-02-18,Galetes,3,1.48
2025-02-28,Tonyina (llauna),8,1.35
2025-06-19,Cafè,4,3.63
2025-01-15,Vi negre,5,5.57
2025-06-24,Sal,2,0.42
2025-02-20,Arròs,6,1.3
2025-04-18,Galetes,7,1.39
2025-02-24,Enciam,3,0.84
2025-03-05,Sal,3,0.37
2025-05-11,Te,4,1.91
2025-02-20,Pa,7,1.11
2025-05-15,Galetes,2,1.47
2025-01-21,Enciam,5,0.95
2025-03-14,Plàtan,6,0.51
2025-06-16,Poma,5,0.7
2025-01-18,Cervesa,7,0.91
2025-05-12,Xocolata,7,1.73
2025-03-30,Cervesa,5,0.77
2025-03-01,Llet,4,1.02
2025-01-14,Pa,3,1.16
2025-01-09,Galetes,9,1.46
2025-03-31,Galetes,2,1.63
2025-02-22,Pasta,6,1.09
2025-05-10,Arròs,3,1.32
2025-03-25,Sal,6,0.41
2025-04-02,Sal,3,0.41
2025-04-21,Sucre,4,0.99
2025-06-21,Enciam,7,0.93
2025-01-08,Cervesa,1,0.81
2025-06-24,Enciam,4,0.84
2025-02-04,Sucre,1,1.09
2025-03-22,Pollastre,3,5.48
2025-06-13,Enciam,7,0.92
2025-02-19,Aigua mineral,5,0.37
2025-04-14,Iogurt,6,0.59
2025-05-12,Pa,5,1.32
2025-01-02,Pa,4,1.24
2025-05-14,Ou,1,0.24
2025-02-23,Vi negre,5,5.4
2025-04-16,Aigua mineral,6,0.36
2025-01-04,Te,5,2.22
2025-02-23,Vi negre,7,6.22
2025-05-26,Poma,8,0.63
2025-02-13,Oli d'oliva,6,6.87
2025-06-11,Llet,2,0.93
2025-01-14,Sal,3,0.38
2025-04-05,Plàtan,8,0.49
2025-02-17,Oli d'oliva,2,6.43
2025-01-15,Pa,5,1.3
2025-02-09,Oli d'oliva,7,6.98
2025-03-23,Vi negre,5,5.58
2025-04-21,Tonyina (llauna),6,1.41
2025-02-22,Oli d'oliva,6,6.23
2025-01-24,Te,7,2.2
2025-06-03,Tonyina (llauna),5,1.47
2025-05-04,Oli d'oliva,3,6.13
2025-02-10,Pasta,9,1.05
2025-06-06,Iogurt,5,0.58
2025-01-15,Llet,7,1.03
2025-02-14,Plàtan,10,0.53
2025-03-06,Aigua mineral,8,0.37
2025-03-30,Iogurt,6,0.53
2025-03-12,Plàtan,2,0.49
2025-01-09,Ou,2,0.24
2025-03-29,Plàtan,7,0.5
2025-05-09,Llet,3,1.04
2025-05-16,Sal,5,0.4
2025-03-04,Tonyina (llauna),2,1.36
2025-05-19,Oli d'oliva,6,7.06
2025-03-22,Galetes,3,1.38
2025-05-16,Ou,5,0.25
2025-06-12,Tonyina (llauna),6,1.32
2025-06-12,Pasta,8,1.05
2025-02-02,Pa,7,1.25
2025-05-03,Paper higiènic,5,0.47
2025-01-05,Xocolata,6,1.97
2025-02-10,Tomàquet,6,1.11
2025-01-28,Te,8,2.22
2025-05-15,Cervesa,8,0.84
2025-03-13,Pa,5,1.13
2025-01-12,Pollastre,9,5.46
2025-06-11,Tomàquet,7,1.09
2025-02-02,Cervesa,3,0.77
2025-02-17,Te,5,1.9
2025-05-31,Ou,5,0.23
2025-03-03,Pa,7,1.23
2025-02-06,Sucre,7,0.97
2025-04-09,Sucre,6,1.09
2025-06-21,Formatge,5,2.82
2025-04-14,Pollastre,5,5.26
2025-02-04,Plàtan,4,0.51
2025-04-11,Pasta,6,1.0
2025-06-24,Formatge,6,2.84
2025-05-11,Enciam,4,0.83
2025-01-01,Aigua mineral,8,0.38
2025-01-05,Aigua mineral,4,0.37
2025-05-22,Arròs,6,1.35
2025-04-13,Llet,7,0.94
2025-01-27,Aigua mineral,4,0.33
2025-05-17,Oli d'oliva,4,6.42
2025-01-15,Formatge,4,2.34
2025-03-31,Te,6,1.9
2025-02-11,Enciam,4,0.97
2025-05-04,Vi negre,7,5.43
2025-06-28,Llet,1,0.91
2025-03-04,Plàtan,7,0.47
2025-04-06,Te,6,1.97
2025-02-21,Pollastre,4,4.81
2025-04-06,Poma,6,0.7
2025-05-12,Llet,5,1.01
2025-05-31,Vi negre,10,6.36
2025-05-23,Poma,7,0.65
2025-06-20,Cervesa,7,0.86
2025-01-29,Pollastre,4,5.44
2025-02-05,Iogurt,7,0.52
2025-01-13,Cervesa,4,0.83
2025-06-09,Pasta,8,1.05
2025-03-12,Vi negre,9,6.22
2025-03-27,Galetes,4,1.55
2025-01-28,Plàtan,5,0.52
2025-03-07,Aigua mineral,8,0.37
2025-06-19,Sal,5,0.43
2025-02-14,Pollastre,8,4.74
2025-03-03,Pasta,4,1.06
2025-05-14,Tonyina (llauna),4,1.38
2025-01-28,Te,5,2.16
2025-01-28,Galetes,6,1.53
2025-04-18,Pasta,5,1.11
2025-02-13,Galetes,7,1.44
2025-03-25,Vi negre,4,5.54
2025-01-30,Cervesa,4,0.82
2025-03-16,Te,5,1.92
2025-05-08,Cervesa,8,0.78
2025-04-02,Iogurt,3,0.58
2025-05-09,Pasta,8,1.09
2025-05-01,Ou,6,0.26
2025-01-27,Cervesa,2,0.83
2025-05-01,Iogurt,6,0.5
2025-04-26,Te,4,2.13
2025-01-03,Tonyina (llauna),3,1.29
2025-04-13,Xocolata,7,1.83
2025-06-04,Ou,7,0.27
2025-05-17,Llet,3,1.0
2025-03-03,Aigua mineral,5,0.32
2025-06-14,Iogurt,6,0.57
2025-02-20,Vi negre,6,5.37
2025-06-21,Te,5,1.97
2025-06-01,Cafè,1,3.58
2025-02-28,Aigua mineral,4,0.36
2025-04-28,Cervesa,7,0.82
2025-06-09,Formatge,3,2.46
2025-04-06,Enciam,5,0.93
2025-06-29,Vi negre,8,5.69
2025-04-23,Arròs,3,1.23
2025-03-03,Iogurt,3,0.59
2025-02-21,Sal,4,0.42
2025-01-12,Llet,4,0.91
2025-02-08,Sucre,3,0.96
2025-05-10,Tonyina (llauna),6,1.27
2025-05-11,Iogurt,4,0.6
2025-04-23,Pasta,5,1.09
2025-04-11,Tomàquet,6,1.18
2025-04-23,Pollastre,5,4.9
2025-03-22,Arròs,6,1.33
2025-04-23,Tomàquet,2,1.06
2025-01-02,Tonyina (llauna),6,1.51
2025-05-10,Tomàquet,6,1.09
2025-02-23,Paper higiènic,3,0.42
2025-03-28,Sucre,5,1.07
2025-05-09,Arròs,4,1.18
2025-05-27,Arròs,7,1.39
2025-05-06,Paper higiènic,1,0.46
2025-05-10,Iogurt,5,0.5
2025-02-22,Cafè,3,3.57
2025-06-21,Iogurt,3,0.52
2025-06-09,Xocolata,2,1.65
2025-06-09,Tomàquet,4,1.13
2025-03-09,Xocolata,7,1.93
2025-05-03,Pa,6,1.15
2025-05-25,Pollastre,7,4.86
2025-02-07,Paper higiènic,3,0.44
2025-01-24,Tonyina (llauna),5,1.44
2025-03-10,Arròs,4,1.18
2025-04-26,Cervesa,2,0.93
2025-04-08,Tonyina (llauna),3,1.4
2025-05-19,Galetes,9,1.58
2025-05-24,Xocolata,2,1.85
2025-04-07,Xocolata,2,1.72
2025-05-04,Te,5,2.14
2025-03-11,Xocolata,5,1.85
2025-04-03,Oli d'oliva,3,6.22
2025-01-03,Oli d'oliva,4,6.05
2025-05-28,Cervesa,3,0.77
2025-06-13,Arròs,7,1.29
2025-05-27,Paper higiènic,4,0.42
2025-03-31,Arròs,3,1.32
2025-05-27,Enciam,10,0.92
2025-05-28,Paper higiènic,3,0.48
2025-04-06,Vi negre,6,5.74
2025-02-21,Sucre,10,1.07
2025-06-10,Poma,4,0.74
2025-06-17,Iogurt,5,0.54
2025-05-08,Sal,8,0.37
2025-02-08,Paper higiènic,2,0.43
2025-03-23,Ou,3,0.24
2025-04-14,Iogurt,9,0.58
2025-05-09,Tomàquet,3,1.08
2025-01-11,Arròs,4,1.39
2025-06-27,Sal,5,0.43
2025-05-31,Ou,6,0.27
2025-06-08,Iogurt,5,0.56
2025-02-11,Arròs,6,1.37
2025-04-09,Pa,5,1.13
2025-01-07,Galetes,5,1.58
2025-05-24,Sal,5,0.36
2025-03-31,Poma,5,0.71
2025-04-22,Cervesa,6,0.92
2025-03-01,Sucre,11,1.09
2025-04-23,Formatge,7,2.53
2025-01-02,Pollastre,2,4.76
2025-05-09,Llet,2,0.95
2025-02-17,Pa,4,1.31
2025-05-20,Galetes,6,1.53
2025-02-06,Te,3,1.95
2025-06-09,Sucre,4,1.01
2025-01-09,Xocolata,3,1.86
2025-04-09,Vi negre,2,5.56
2025-05-27,Poma,3,0.64
2025-02-17,Cervesa,4,0.86
2025-05-11,Formatge,7,2.8
2025-05-28,Tomàquet,5,1.1
2025-06-01,Pasta,5,1.06
2025-02-23,Arròs,6,1.27
2025-04-30,Oli d'oliva,6,7.01
2025-06-10,Aigua mineral,4,0.33
2025-06-01,Tonyina (llauna),3,1.29
2025-04-26,Llet,5,1.0
2025-03-16,Formatge,3,2.48
2025-04-23,Tomàquet,3,1.2
2025-06-13,Te,4,1.99
2025-06-15,Sal,2,0.4
2025-04-14,Formatge,7,2.77
2025-03-25,Arròs,8,1.21
2025-04-22,Xocolata,2,1.69
2025-04-09,Tomàquet,5,1.0
2025-06-02,Oli d'oliva,9,6.0
2025-04-03,Sucre,7,0.99
2025-05-26,Pasta,4,1.14
2025-05-08,Tomàquet,3,1.05
2025-04-20,Paper higiènic,5,0.43
2025-03-23,Aigua mineral,5,0.38
2025-02-23,Ou,2,0.25
2025-06-12,Iogurt,3,0.56
2025-06-18,Plàtan,10,0.48
2025-06-10,Arròs,3,1.33
2025-03-09,Tomàquet,6,1.03
2025-02-02,Tonyina (llauna),8,1.31
2025-05-22,Aigua mineral,3,0.36
2025-01-21,Iogurt,4,0.58
2025-02-17,Enciam,7,0.87
2025-05-28,Poma,3,0.72
2025-05-08,Pa,4,1.1
2025-05-16,Iogurt,5,0.57
2025-05-15,Formatge,4,2.41
2025-05-25,Oli d'oliva,5,6.75
2025-05-08,Enciam,3,0.83
2025-02-02,Pa,2,1.22
2025-06-25,Plàtan,3,0.52
2025-04-25,Oli d'oliva,3,6.68
2025-04-29,Tomàquet,6,1.12
2025-01-22,Iogurt,4,0.53
2025-06-07,Tonyina (llauna),5,1.38
2025-02-07,Sucre,4,1.04
2025-04-19,Llet,6,0.92
2025-02-20,Poma,7,0.68
2025-01-08,Pollastre,3,5.45
2025-01-27,Te,2,2.02
2025-01-27,Enciam,3,0.81
2025-01-21,Plàtan,3,0.49
2025-01-30,Enciam,6,0.9
2025-04-07,Sal,4,0.39
2025-01-28,Formatge,6,2.37
2025-04-21,Xocolata,4,1.67
2025-03-02,Pollastre,8,4.69
2025-02-17,Formatge,2,2.68
2025-05-27,Xocolata,4,1.9
2025-01-04,Plàtan,8,0.51
2025-02-04,Llet,2,1.02
2025-02-18,Galetes,3,1.55
2025-01-17,Pollastre,2,4.75
2025-06-21,Llet,3,0.94
2025-06-07,Plàtan,7,0.54
2025-02-15,Sucre,7,1.03
2025-04-27,Formatge,7,2.44
2025-01-06,Llet,8,1.01
2025-04-09,Galetes,4,1.44
2025-05-04,Cafè,7,3.47
2025-02-06,Enciam,5,0.99
2025-01-24,Xocolata,3,1.71
2025-04-03,Pollastre,2,5.16
2025-02-15,Iogurt,3,0.54
2025-06-30,Poma,9,0.69
2025-04-05,Tonyina (llauna),5,1.34
2025-04-09,Cervesa,2,0.91
2025-04-26,Galetes,5,1.46
2025-06-09,Vi negre,8,5.92
2025-06-10,Arròs,2,1.25
2025-03-08,Galetes,5,1.57
2025-05-08,Vi negre,4,5.58
2025-01-18,Pollastre,7,5.15
2025-01-25,Sucre,3,1.01
2025-02-23,Vi negre,6,5.97
2025-02-27,Pollastre,5,5.24
2025-03-08,Enciam,4,0.97
2025-04-14,Cafè,3,3.83
2025-06-23,Formatge,8,2.46
2025-01-24,Vi negre,8,6.15
2025-04-24,Tonyina (llauna),4,1.27
2025-02-01,Galetes,5,1.4
2025-06-24,Ou,4,0.24
2025-03-27,Enciam,10,0.95
2025-05-31,Xocolata,5,1.78
2025-05-07,Poma,5,0.69
2025-06-04,Cafè,7,3.62
2025-05-10,Enciam,8,0.96
2025-01-17,Paper higiènic,13,0.45
2025-04-14,Pollastre,9,5.12
2025-06-10,Pa,5,1.19
2025-05-17,Te,5,2.06
2025-02-12,Cafè,4,3.49
2025-06-25,Plàtan,6,0.47
2025-02-08,Xocolata,5,1.83
2025-06-19,Sal,7,0.37
2025-01-26,Enciam,4,0.81
2025-04-09,Tomàquet,4,1.06
2025-02-19,Pa,5,1.2
2025-06-02,Te,5,2.28
2025-06-01,Vi negre,7,6.25
2025-01-13,Pollastre,2,5.45
2025-03-01,Plàtan,7,0.46
2025-05-15,Cafè,3,3.51
2025-02-26,Llet,4,0.93
2025-02-05,Aigua mineral,8,0.37
2025-06-22,Iogurt,2,0.5
2025-01-20,Pa,6,1.16
2025-03-06,Galetes,7,1.56
2025-01-08,Sal,5,0.37
2025-05-24,Tonyina (llauna),3,1.42
2025-05-22,Llet,6,0.92
2025-04-25,Oli d'oliva,8,6.03
2025-05-23,Te,3,2.0
2025-04-02,Llet,6,0.96
2025-04-08,Oli d'oliva,6,6.08
2025-03-07,Pa,4,1.25
2025-02-01,Pasta,3,1.04
2025-03-27,Formatge,8,2.72
2025-02-20,Cafè,4,3.52
2025-06-02,Galetes,5,1.57
2025-03-04,Iogurt,3,0.5
2025-05-05,Sal,3,0.41
2025-05-30,Galetes,6,1.49
2025-02-27,Plàtan,8,0.48
2025-02-27,Formatge,4,2.71
2025-03-27,Xocolata,8,1.76
2025-02-18,Pasta,9,1.08
2025-06-29,Cervesa,3,0.8
2025-06-19,Xocolata,3,1.77
2025-03-11,Poma,3,0.65
2025-01-15,Cafè,7,3.81
2025-02-23,Arròs,4,1.17
2025-04-11,Pollastre,4,5.46
2025-01-08,Cervesa,6,0.89
2025-02-22,Sucre,4,0.96
2025-03-01,Arròs,7,1.35
2025-04-18,Plàtan,6,0.55
2025-01-05,Sal,2,0.39
2025-04-13,Tonyina (llauna),6,1.4
2025-01-06,Formatge,4,2.57
2025-04-19,Paper higiènic,5,0.46
2025-04-26,Arròs,4,1.23
2025-04-04,Aigua mineral,3,0.38
2025-02-16,Plàtan,8,0.49
2025-04-09,Formatge,3,2.65
2025-02-24,Vi negre,5,5.65
2025-06-17,Tomàquet,5,1.02
2025-02-21,Cafè,3,3.68
2025-05-24,Aigua mineral,5,0.36
2025-01-13,Oli d'oliva,6,6.83
2025-04-24,Cervesa,9,0.89
2025-05-04,Te,4,1.94
2025-04-16,Formatge,3,2.42
2025-06-07,Llet,6,0.93
2025-05-27,Llet,3,0.99
2025-05-25,Formatge,3,2.38
2025-04-30,Sal,2,0.4
2025-03-04,Aigua mineral,5,0.35
2025-01-19,Cafè,4,4.15
2025-04-02,Sal,5,0.36
2025-02-27,Arròs,6,1.32
2025-03-31,Llet,6,0.95
2025-04-27,Xocolata,7,1.64
2025-03-03,Pa,7,1.25
2025-01-23,Iogurt,5,0.5
2025-05-07,Aigua mineral,10,0.33
2025-05-17,Pa,8,1.21
2025-05-20,Aigua mineral,2,0.32
2025-05-09,Vi negre,2,6.31
2025-02-27,Xocolata,3,1.66
2025-05-02,Aigua mineral,3,0.32
2025-01-01,Cafè,2,4.1
2025-02-03,Formatge,6,2.36
2025-04-06,Formatge,3,2.73
2025-05-06,Oli d'oliva,5,6.09
2025-04-28,Plàtan,6,0.54
2025-02-17,Tonyina (llauna),5,1.33
2025-03-30,Te,6,2.11
2025-04-27,Llet,3,0.91
2025-05-09,Enciam,3,0.96
2025-01-16,Te,2,2.29
2025-03-10,Llet,7,1.0
2025-01-22,Iogurt,3,0.59
2025-04-03,Cervesa,7,0.85
2025-03-17,Iogurt,3,0.6
2025-06-03,Tonyina (llauna),4,1.4
2025-05-24,Pollastre,4,5.42
2025-06-28,Tonyina (llauna),6,1.4
2025-03-27,Aigua mineral,4,0.37
2025-01-29,Cafè,1,3.99
2025-03-10,Sal,6,0.41
2025-02-16,Plàtan,9,0.47
2025-04-04,Pasta,6,1.01
2025-05-24,Llet,4,0.86
2025-06-25,Galetes,3,1.51
2025-03-26,Ou,5,0.25
2025-02-08,Ou,4,0.25
2025-04-10,Poma,6,0.67
2025-02-02,Ou,6,0.25
2025-04-11,Llet,4,1.02
2025-01-23,Arròs,3,1.43
2025-01-10,Llet,6,0.95
2025-03-10,Pasta,5,1.15
2025-04-10,Sal,6,0.43
2025-02-03,Paper higiènic,7,0.46
2025-06-29,Cervesa,3,0.88
2025-05-18,Oli d'oliva,2,6.38
2025-05-27,Galetes,8,1.38
2025-04-06,Ou,2,0.24
2025-01-01,Oli d'oliva,9,6.62
2025-03-10,Formatge,7,2.82
2025-01-04,Te,3,2.03
2025-01-16,Oli d'oliva,9,6.03
2025-01-24,Aigua mineral,5,0.38
2025-03-21,Ou,2,0.26
2025-01-02,Tomàquet,9,1.1
2025-05-08,Vi negre,5,5.78
2025-06-09,Vi negre,7,5.55
2025-03-25,Pa,7,1.28
2025-06-01,Iogurt,4,0.58
2025-05-20,Iogurt,4,0.53
2025-06-27,Tomàquet,6,1.14
2025-06-12,Enciam,3,0.89
2025-05-04,Sucre,4,1.06
2025-02-02,Poma,1,0.7
2025-06-10,Tomàquet,5,1.19
2025-06-28,Cafè,7,4.1
2025-06-20,Cafè,6,3.42
2025-04-11,Iogurt,5,0.59
2025-01-12,Plàtan,5,0.5
2025-03-08,Tomàquet,5,1.17
2025-03-06,Sal,5,0.39
2025-06-10,Poma,3,0.66
2025-06-17,Cafè,2,3.59
2025-03-15,Formatge,2,2.35
2025-02-12,Tomàquet,4,1.08
2025-02-13,Xocolata,1,1.69
2025-01-29,Aigua mineral,4,0.35
2025-05-21,Tomàquet,6,1.05
2025-01-12,Poma,6,0.64
2025-04-05,Xocolata,4,1.84
2025-02-15,Poma,5,0.65
2025-05-10,Galetes,6,1.49
2025-02-04,Llet,4,0.86
2025-03-22,Te,4,2.23
2025-03-31,Xocolata,5,1.65
2025-01-08,Plàtan,4,0.52
2025-04-03,Cervesa,3,0.81
2025-06-03,Te,4,2.11
2025-03-31,Arròs,5,1.17
2025-06-11,Galetes,5,1.44
2025-04-25,Paper higiènic,4,0.47
2025-04-15,Tomàquet,8,1.0
2025-05-15,Poma,3,0.76
2025-02-27,Pa,4,1.23
2025-04-24,Tonyina (llauna),7,1.43
2025-03-16,Te,7,2.18
2025-06-06,Sal,5,0.37
2025-04-30,Tonyina (llauna),3,1.36
2025-06-13,Te,3,2.14
2025-01-21,Te,5,1.91
2025-06-13,Sal,5,0.4
2025-05-18,Poma,4,0.71
2025-04-11,Tonyina (llauna),8,1.33
2025-06-01,Iogurt,4,0.6
2025-06-26,Sucre,6,0.99
2025-04-09,Formatge,8,2.78
2025-02-05,Sucre,2,1.0
2025-04-06,Pasta,3,1.08
2025-06-01,Te,7,2.06
2025-05-31,Cafè,5,3.58
2025-02-06,Galetes,7,1.43
2025-01-12,Te,5,1.94
2025-04-23,Iogurt,3,0.59
2025-01-13,Llet,6,0.87
2025-01-23,Cafè,5,3.83
2025-04-09,Vi negre,7,5.75
2025-04-15,Sal,1,0.42
2025-01-30,Enciam,8,0.82
2025-01-17,Formatge,6,2.74
2025-04-23,Oli d'oliva,5,6.64
2025-03-03,Cafè,4,3.44
2025-03-25,Plàtan,7,0.52
2025-04-22,Arròs,5,1.42
2025-03-27,Te,6,1.9
2025-05-21,Arròs,5,1.25
2025-01-19,Tonyina (llauna),5,1.34
2025-06-26,Sucre,4,0.92
2025-04-10,Oli d'oliva,6,6.54
2025-05-20,Sucre,11,1.01
2025-05-27,Paper higiènic,3,0.48
2025-03-17,Oli d'oliva,4,6.75
2025-01-09,Oli d'oliva,3,6.72
2025-01-28,Pa,3,1.2
2025-05-08,Llet,7,0.98
2025-02-21,Vi negre,6,5.86
2025-03-24,Pa,4,1.15
2025-04-21,Arròs,4,1.2
2025-05-24,Sal,4,0.37
2025-04-27,Enciam,3,0.94
2025-03-10,Te,7,2.05
2025-04-09,Pasta,6,1.03
2025-05-20,Galetes,6,1.38
2025-01-25,Llet,2,1.0
2025-06-29,Enciam,5,0.88
2025-05-03,Xocolata,8,1.8
2025-02-22,Enciam,4,0.94
2025-05-31,Sucre,5,1.01
2025-05-24,Cervesa,2,0.79
2025-02-26,Sucre,6,1.08
2025-02-08,Galetes,2,1.47
2025-04-19,Paper higiènic,3,0.44
2025-06-30,Tonyina (llauna),3,1.29
2025-02-11,Ou,3,0.26
2025-06-16,Poma,2,0.76
2025-05-22,Pollastre,6,5.61
2025-05-02,Pa,6,1.27
2025-05-13,Galetes,3,1.43
2025-06-12,Poma,5,0.74
2025-03-16,Enciam,4,0.84
2025-05-26,Tonyina (llauna),1,1.4
2025-03-17,Enciam,5,0.9
2025-01-09,Galetes,5,1.47
2025-03-15,Pasta,3,1.08
2025-05-25,Pa,5,1.1
2025-01-07,Tonyina (llauna),6,1.37
2025-06-23,Ou,4,0.25
2025-05-21,Paper higiènic,11,0.48
2025-06-17,Formatge,4,2.78
2025-06-19,Paper higiènic,3,0.44
2025-05-17,Sucre,5,1.01
2025-06-27,Poma,6,0.77
2025-01-27,Cafè,2,3.95
2025-05-02,Te,3,1.96
2025-01-05,Enciam,7,0.88
2025-01-29,Aigua mineral,3,0.33
2025-06-14,Iogurt,4,0.57
2025-06-15,Pasta,7,1.09
2025-03-24,Cafè,3,3.62
2025-05-16,Cervesa,7,0.84
2025-04-19,Ou,6,0.27
2025-03-06,Tomàquet,7,0.99
2025-03-27,Ou,8,0.24
2025-05-25,Ou,7,0.23
2025-03-12,Pasta,3,1.12
2025-02-14,Poma,9,0.65
2025-05-12,Poma,5,0.72
2025-02-05,Xocolata,9,1.93
2025-03-11,Enciam,5,0.81
2025-06-08,Arròs,6,1.22
2025-01-19,Plàtan,5,0.48
2025-04-18,Cervesa,6,0.89
2025-06-16,Vi negre,4,5.89
2025-04-01,Sucre,6,1.09
2025-03-31,Enciam,6,0.84
2025-01-19,Enciam,2,0.83
2025-02-08,Oli d'oliva,3,6.63
2025-05-06,Llet,9,0.99
2025-06-22,Cervesa,7,0.93
2025-05-21,Sal,8,0.41
2025-05-06,Formatge,5,2.48
2025-02-27,Sucre,5,1.04
2025-05-28,Iogurt,6,0.51
2025-03-02,Iogurt,4,0.57
2025-05-07,Aigua mineral,3,0.38
2025-04-15,Oli d'oliva,8,5.97
2025-06-16,Oli d'oliva,6,7.1
2025-01-01,Galetes,3,1.61
2025-05-11,Sal,5,0.38
2025-04-02,Arròs,8,1.33
2025-04-23,Te,5,2.2
2025-06-02,Iogurt,3,0.5
2025-02-25,Pollastre,6,4.97
2025-06-10,Enciam,5,0.96
2025-06-15,Llet,5,0.94
2025-04-27,Xocolata,9,1.76
2025-05-14,Tonyina (llauna),3,1.34
2025-02-27,Te,5,2.18
2025-02-13,Vi negre,7,6.22
2025-06-22,Llet,5,0.9
2025-06-09,Pasta,4,1.12
2025-06-22,Arròs,4,1.32
2025-03-02,Cervesa,5,0.88
2025-02-16,Sucre,7,0.97
2025-05-29,Enciam,5,0.89
2025-03-21,Sal,4,0.41
2025-04-28,Galetes,4,1.57
2025-06-13,Oli d'oliva,5,6.42
2025-05-27,Enciam,7,0.82
2025-01-20,Aigua mineral,7,0.32
2025-05-26,Sal,5,0.43
2025-02-16,Xocolata,3,1.71
2025-02-18,Cafè,5,3.81
2025-01-14,Cafè,5,4.03
2025-05-23,Te,5,2.19
2025-06-08,Pollastre,5,4.68
2025-01-01,Ou,4,0.24
2025-04-27,Aigua mineral,2,0.33
2025-02-23,Sucre,8,0.93
2025-04-28,Paper higiènic,2,0.46
2025-01-03,Te,3,2.12
2025-05-24,Formatge,5,2.35
2025-01-12,Galetes,7,1.62
2025-03-15,Tomàquet,6,1.18
2025-01-16,Sucre,4,1.02
2025-04-12,Pollastre,3,5.63
2025-06-01,Oli d'oliva,5,6.63
2025-06-05,Cervesa,5,0.87
2025-04-27,Sal,3,0.41
2025-01-08,Te,5,2.02
2025-05-02,Tonyina (llauna),8,1.34
2025-04-02,Te,5,1.93
2025-06-13,Enciam,4,0.84
2025-03-31,Aigua mineral,7,0.35
2025-05-16,Enciam,4,0.82
2025-03-01,Aigua mineral,9,0.35
2025-06-27,Tomàquet,5,1.1
2025-01-28,Galetes,4,1.45
2025-04-11,Pollastre,7,5.38
2025-02-10,Pasta,6,1.17
2025-06-04,Xocolata,6,1.87
2025-05-25,Xocolata,5,1.75
2025-06-10,Pasta,3,1.15
2025-06-06,Xocolata,5,1.72
2025-05-21,Tonyina (llauna),4,1.39
2025-02-15,Sal,4,0.36
2025-02-04,Llet,5,1.03
2025-05-14,Te,5,2.09
2025-03-23,Cervesa,9,0.9
2025-04-25,Cafè,4,4.03
2025-02-16,Sal,6,0.43
2025-06-02,Cervesa,7,0.9
2025-01-10,Ou,6,0.24
2025-02-25,Galetes,3,1.48
2025-01-30,Paper higiènic,4,0.47
2025-04-19,Pollastre,7,4.76
2025-01-05,Tonyina (llauna),5,1.51
2025-04-29,Xocolata,8,1.73
2025-02-02,Pasta,4,1.19
2025-04-28,Poma,5,0.71
2025-03-06,Pa,5,1.16
2025-05-26,Paper higiènic,3,0.43
2025-06-26,Formatge,6,2.76
2025-01-11,Xocolata,6,1.94
2025-03-26,Ou,6,0.24
2025-01-26,Galetes,2,1.55
2025-03-04,Tomàquet,3,1.03
2025-03-27,Pollastre,4,4.72
2025-02-28,Cervesa,5,0.89
2025-01-27,Poma,2,0.73
2025-06-26,Cervesa,8,0.77
2025-06-10,Enciam,4,0.97
2025-04-08,Arròs,5,1.41
2025-04-15,Vi negre,5,5.84
2025-04-09,Enciam,5,0.97
2025-05-09,Pa,5,1.15
2025-05-29,Pollastre,3,4.93
2025-02-24,Poma,4,0.63
2025-01-06,Formatge,3,2.82
2025-04-05,Pa,4,1.14
2025-05-13,Iogurt,3,0.56
2025-04-12,Enciam,4,0.99
2025-01-03,Formatge,6,2.5
2025-06-30,Arròs,6,1.43
2025-01-23,Llet,3,1.04
2025-02-22,Pasta,4,1.14
2025-06-14,Arròs,6,1.17
2025-03-24,Te,4,1.92
2025-05-25,Aigua mineral,5,0.37
2025-03-26,Tomàquet,8,1.19
2025-03-19,Llet,5,0.97
2025-04-20,Oli d'oliva,5,6.7
2025-01-01,Vi negre,4,5.69
2025-02-20,Tonyina (llauna),5,1.5
2025-06-22,Oli d'oliva,7,6.83
2025-01-04,Cafè,6,4.15
2025-04-23,Iogurt,5,0.53
2025-02-01,Xocolata,7,1.71
2025-02-03,Arròs,6,1.23
2025-04-02,Xocolata,7,1.95
2025-04-05,Pollastre,4,5.59
2025-03-13,Sucre,2,0.92
2025-02-08,Aigua mineral,8,0.35
2025-06-03,Aigua mineral,4,0.34
2025-06-11,Llet,4,1.02
2025-04-28,Te,3,2.21
2025-01-03,Cafè,4,3.88
2025-05-03,Pasta,6,1.11
2025-02-19,Vi negre,9,5.78
2025-01-12,Ou,2,0.26
2025-02-23,Galetes,4,1.48
2025-05-13,Plàtan,2,0.46
2025-02-26,Paper higiènic,5,0.46
2025-05-25,Ou,11,0.23
2025-04-22,Poma,8,0.72
2025-02-16,Iogurt,3,0.54
2025-05-31,Cervesa,4,0.89
2025-03-26,Iogurt,2,0.58
2025-05-22,Cafè,6,3.93
2025-03-07,Arròs,6,1.33
2025-03-16,Paper higiènic,4,0.41
2025-06-28,Xocolata,7,1.65
2025-04-13,Formatge,4,2.77
2025-06-15,Poma,5,0.72
2025-02-07,Plàtan,4,0.47
2025-02-19,Te,5,2.19
2025-04-08,Xocolata,5,1.69
2025-03-23,Enciam,5,0.93
2025-01-30,Tomàquet,6,1.03
2025-03-20,Te,5,2.24
2025-04-01,Arròs,3,1.26
2025-06-28,Plàtan,5,0.51
2025-02-21,Aigua mineral,4,0.36
2025-06-15,Iogurt,5,0.55
2025-03-20,Tonyina (llauna),5,1.29
2025-01-30,Cafè,3,4.08
2025-04-16,Sucre,4,1.02
2025-02-20,Galetes,5,1.52
2025-03-22,Tomàquet,7,1.04
2025-05-13,Iogurt,10,0.5
2025-01-29,Aigua mineral,5,0.33
2025-05-12,Formatge,7,2.49
2025-05-18,Paper higiènic,8,0.49
2025-05-25,Poma,6,0.63
2025-03-15,Vi negre,3,5.42
2025-01-17,Galetes,9,1.56
2025-03-25,Cafè,7,3.63
2025-03-10,Iogurt,5,0.6
2025-02-03,Paper higiènic,4,0.48
2025-01-06,Paper higiènic,7,0.49
2025-02-22,Llet,9,0.99
2025-05-06,Sal,5,0.39
2025-02-12,Ou,10,0.23
2025-04-25,Ou,4,0.27
2025-04-21,Sucre,5,1.07
2025-05-31,Aigua mineral,3,0.36
2025-03-21,Ou,5,0.24
2025-04-05,Xocolata,5,1.88
2025-04-28,Paper higiènic,6,0.44
2025-05-24,Tonyina (llauna),6,1.46
2025-01-08,Pollastre,4,5.31
2025-05-12,Plàtan,6,0.55
2025-04-14,Te,10,1.96
2025-05-12,Iogurt,3,0.59
2025-01-25,Ou,4,0.26
2025-04-06,Vi negre,4,6.11
2025-06-04,Tonyina (llauna),3,1.36
2025-04-03,Iogurt,4,0.56
2025-06-09,Galetes,3,1.61
2025-06-27,Sucre,4,1.01
2025-03-02,Galetes,6,1.41
2025-05-02,Pa,6,1.08
2025-02-20,Sal,6,0.42
2025-05-27,Cafè,4,3.93
2025-01-21,Sucre,7,1.05
2025-01-05,Cervesa,5,0.81
2025-04-02,Pasta,4,1.15
2025-06-19,Xocolata,6,1.88
2025-03-02,Tonyina (llauna),5,1.39
2025-01-22,Pa,5,1.09
2025-05-29,Sucre,1,1.0
2025-03-11,Plàtan,5,0.46
2025-01-01,Iogurt,4,0.51
2025-05-13,Cafè,3,3.73
2025-01-12,Vi negre,3,6.41
2025-03-31,Cervesa,5,0.84
2025-02-15,Cervesa,6,0.91
2025-02-03,Plàtan,5,0.46
2025-06-26,Cervesa,7,0.77
2025-03-19,Aigua mineral,4,0.36
2025-02-14,Pasta,10,1.01
2025-06-04,Tomàquet,7,1.18
2025-03-14,Oli d'oliva,5,7.06
2025-01-26,Vi negre,7,5.78
2025-02-16,Poma,4,0.76
2025-05-01,Cafè,6,3.56
2025-02-25,Arròs,5,1.43
2025-04-04,Sal,7,0.41
2025-04-17,Formatge,8,2.67
2025-03-04,Tonyina (llauna),4,1.37
2025-02-17,Pasta,7,1.11
2025-03-02,Sucre,4,1.05
2025-03-22,Xocolata,3,1.93
2025-01-26,Tonyina (llauna),4,1.44
2025-02-05,Plàtan,6,0.51
2025-01-01,Sucre,4,1.01
2025-01-08,Tonyina (llauna),7,1.54
2025-04-23,Ou,4,0.23
2025-04-09,Te,4,2.2
2025-06-29,Ou,7,0.26
2025-02-16,Arròs,7,1.35
2025-05-07,Formatge,3,2.75
2025-02-25,Aigua mineral,4,0.34
2025-01-14,Ou,8,0.26
2025-01-28,Poma,3,0.65
2025-03-19,Poma,4,0.67
2025-05-10,Cafè,5,3.49
2025-04-19,Sucre,5,0.99
2025-06-03,Te,4,2.13
2025-01-14,Arròs,6,1.42
2025-02-25,Poma,9,0.73
2025-04-25,Iogurt,3,0.6
2025-01-07,Plàtan,4,0.52
2025-01-03,Iogurt,2,0.52
2025-04-21,Tomàquet,3,1.19
2025-05-31,Tomàquet,7,1.05
2025-04-17,Sal,5,0.43
2025-01-18,Formatge,6,2.66
2025-02-07,Pa,4,1.26
2025-04-25,Paper higiènic,3,0.44
2025-01-15,Iogurt,4,0.57
2025-04-29,Plàtan,6,0.5
2025-01-28,Oli d'oliva,5,6.17
2025-02-08,Xocolata,5,1.62
2025-01-17,Aigua mineral,7,0.37
2025-03-27,Pollastre,6,5.16
2025-05-06,Cafè,6,3.78
2025-02-13,Paper higiènic,4,0.47
2025-01-25,Iogurt,5,0.59
2025-05-25,Te,4,1.89
2025-01-13,Paper higiènic,3,0.42
2025-01-25,Pollastre,10,4.97
2025-03-09,Arròs,5,1.31
2025-05-18,Xocolata,5,1.7
2025-03-08,Tomàquet,4,1.15
2025-04-19,Formatge,8,2.54
2025-05-26,Galetes,1,1.59
2025-04-21,Aigua mineral,10,0.35
2025-04-21,Paper higiènic,4,0.44
2025-02-03,Arròs,5,1.31
2025-04-21,Vi negre,7,5.68
2025-01-08,Vi negre,5,5.96
2025-06-17,Xocolata,4,1.71
2025-04-23,Arròs,6,1.35
2025-03-24,Tonyina (llauna),4,1.4
2025-02-11,Plàtan,5,0.53
2025-06-18,Pollastre,5,4.93
2025-04-11,Oli d'oliva,3,5.92
2025-01-06,Tonyina (llauna),5,1.32
2025-06-29,Iogurt,2,0.53
2025-01-26,Paper higiènic,3,0.47
2025-03-05,Pasta,5,1.16
2025-02-28,Cafè,4,4.13
2025-04-19,Sal,9,0.44
2025-05-01,Pasta,7,1.14
2025-02-02,Te,5,1.96
2025-06-30,Iogurt,4,0.53
2025-05-30,Sal,3,0.38
2025-01-21,Pa,6,1.08
2025-03-11,Tomàquet,2,1.14
2025-04-22,Plàtan,6,0.53
2025-01-04,Cervesa,3,0.8
2025-04-04,Sal,3,0.4
2025-03-16,Paper higiènic,5,0.43
2025-03-03,Pasta,5,1.17
2025-04-04,Cafè,3,3.45
2025-04-05,Paper higiènic,2,0.43
2025-06-01,Cervesa,7,0.9
2025-02-24,Vi negre,7,6.24
2025-05-17,Tomàquet,4,0.99
2025-05-11,Te,12,2.14
2025-01-31,Arròs,2,1.21
2025-02-09,Pollastre,6,4.87
2025-02-05,Paper higiènic,3,0.46
2025-06-01,Aigua mineral,4,0.35
2025-01-06,Poma,5,0.65
2025-03-07,Te,1,1.9
2025-03-16,Sal,4,0.43
2025-01-04,Poma,11,0.69
2025-03-20,Formatge,1,2.53
2025-05-14,Galetes,6,1.54
2025-04-28,Poma,6,0.7
2025-04-23,Paper higiènic,3,0.45
2025-04-04,Sucre,5,1.02
2025-06-28,Ou,7,0.24
2025-03-03,Ou,5,0.25
2025-03-20,Te,6,2.25
2025-05-16,Pollastre,9,4.68
2025-01-26,Oli d'oliva,7,6.82
2025-06-28,Pa,1,1.25
2025-06-22,Sal,3,0.43
2025-02-13,Te,4,2.0
2025-05-13,Iogurt,4,0.58
2025-03-11,Arròs,5,1.31
2025-06-03,Tomàquet,8,1.04
2025-04-28,Xocolata,8,1.92
2025-03-09,Galetes,4,1.44
2025-01-19,Pa,5,1.09
2025-01-20,Sucre,4,1.06
2025-04-23,Paper higiènic,2,0.44
2025-05-20,Llet,2,0.88
2025-02-16,Pasta,6,1.2
2025-01-01,Oli d'oliva,3,6.28
2025-03-31,Tomàquet,7,1.18
2025-05-22,Xocolata,6,1.75
2025-03-05,Sucre,5,0.93
2025-02-07,Sucre,6,1.0
2025-02-06,Llet,5,0.93
2025-05-06,Plàtan,3,0.51
2025-05-19,Aigua mineral,7,0.38
2025-04-10,Plàtan,7,0.53
2025-03-18,Llet,5,0.89
2025-01-03,Pa,6,1.24
2025-06-10,Arròs,5,1.3
2025-05-14,Te,5,1.97
2025-06-27,Poma,3,0.67
2025-01-10,Llet,2,0.88
2025-01-05,Xocolata,5,1.67
2025-05-31,Vi negre,3,6.18
2025-05-18,Llet,3,1.03
2025-06-21,Arròs,7,1.17
2025-05-10,Llet,4,0.95
2025-01-13,Vi negre,7,5.98
2025-06-17,Vi negre,8,6.31
2025-05-10,Ou,10,0.25
2025-03-25,Tomàquet,6,1.07
2025-03-06,Xocolata,6,1.83
2025-03-04,Pollastre,7,5.14
2025-04-11,Paper higiènic,3,0.49
2025-03-14,Cervesa,2,0.79
2025-01-17,Enciam,4,0.82
2025-01-09,Plàtan,4,0.47
2025-05-23,Arròs,9,1.41
2025-06-01,Formatge,3,2.61
2025-02-07,Ou,1,0.24
2025-06-12,Sucre,4,0.98
2025-04-04,Tomàquet,9,1.07
2025-04-05,Te,6,2.1
2025-02-18,Cafè,10,3.62
2025-03-10,Iogurt,6,0.57
2025-03-03,Aigua mineral,4,0.35
2025-06-27,Cafè,4,3.54
2025-03-19,Xocolata,9,1.84
2025-04-27,Cervesa,5,0.8
2025-04-30,Paper higiènic,4,0.48
2025-05-17,Enciam,6,0.81
2025-06-11,Te,4,2.11
2025-03-17,Cervesa,4,0.9
2025-02-04,Xocolata,2,1.78
2025-01-01,Cafè,3,3.51
2025-02-09,Aigua mineral,5,0.38
2025-03-05,Oli d'oliva,5,6.5
2025-05-30,Enciam,5,0.84
2025-03-01,Sucre,4,0.93
2025-03-05,Llet,4,0.97
2025-04-03,Paper higiènic,6,0.45
2025-03-13,Formatge,5,2.56
2025-01-11,Enciam,1,0.93
2025-04-15,Pollastre,6,5.49
2025-01-14,Pa,2,1.15
2025-03-01,Arròs,3,1.19
2025-01-30,Cafè,4,4.17
2025-02-04,Formatge,6,2.41
2025-06-14,Plàtan,7,0.5
2025-01-05,Tomàquet,5,1.09
2025-03-24,Cafè,5,4.12
2025-05-03,Galetes,6,1.6
2025-03-19,Sal,4,0.36
2025-06-03,Pasta,5,1.03
2025-03-03,Ou,4,0.27
2025-05-12,Poma,5,0.63
2025-03-30,Ou,3,0.23
2025-02-11,Pasta,2,1.17
2025-03-30,Paper higiènic,8,0.42
2025-05-26,Pollastre,1,5.43
2025-02-09,Arròs,4,1.32
2025-03-13,Enciam,3,0.94
2025-02-08,Paper higiènic,3,0.48
2025-04-14,Oli d'oliva,5,6.83
2025-01-14,Iogurt,6,0.52
2025-02-01,Poma,3,0.74
2025-06-28,Te,4,2.13
2025-05-05,Enciam,7,0.92
2025-06-15,Galetes,5,1.51
2025-04-07,Oli d'oliva,7,6.75
2025-01-23,Cervesa,8,0.87
2025-03-04,Cervesa,5,0.86
2025-05-23,Vi negre,2,5.97
2025-06-02,Aigua mineral,6,0.33
2025-05-25,Enciam,6,0.83
2025-02-22,Sal,6,0.42
2025-04-14,Arròs,5,1.31
2025-04-14,Cafè,2,3.52
2025-06-28,Plàtan,2,0.47
2025-02-08,Pollastre,6,5.22
2025-06-28,Llet,6,0.94
2025-05-14,Tomàquet,6,1.21
2025-03-08,Vi negre,9,5.73
2025-05-15,Formatge,6,2.77
2025-06-28,Tonyina (llauna),5,1.29
2025-02-11,Formatge,10,2.83
2025-01-15,Sal,2,0.39
2025-04-21,Pasta,6,1.12
2025-06-06,Enciam,3,0.95
2025-02-02,Plàtan,6,0.47
2025-06-04,Pa,3,1.25
2025-06-13,Pa,6,1.23
2025-06-06,Galetes,11,1.48
2025-02-07,Enciam,9,0.86
2025-04-07,Poma,4,0.65
2025-06-04,Vi negre,6,6.29
2025-02-02,Pasta,3,1.13
2025-03-27,Poma,4,0.71
2025-03-07,Iogurt,4,0.55
2025-01-10,Plàtan,2,0.48
2025-01-05,Aigua mineral,6,0.37
2025-05-03,Xocolata,3,1.64
2025-03-15,Ou,7,0.26
2025-04-07,Oli d'oliva,6,6.57
2025-04-28,Pollastre,6,5.21
2025-02-07,Pasta,7,1.03
2025-05-21,Aigua mineral,5,0.36
2025-06-08,Galetes,6,1.54
2025-02-16,Vi negre,3,5.92
2025-04-19,Pa,3,1.1
2025-06-29,Tonyina (llauna),4,1.48
2025-01-15,Galetes,1,1.47
2025-06-06,Te,3,2.24
2025-05-16,Te,5,2.08
2025-01-05,Tonyina (llauna),7,1.46
2025-06-06,Llet,5,0.9
2025-02-16,Iogurt,7,0.58
2025-03-09,Plàtan,13,0.46
2025-03-17,Galetes,9,1.49
2025-06-22,Poma,2,0.71
2025-05-10,Formatge,3,2.75
2025-06-04,Pa,6,1.12
2025-04-05,Iogurt,8,0.57
2025-04-25,Cafè,4,3.89
2025-06-13,Llet,5,1.04
2025-02-05,Poma,5,0.76
2025-01-26,Formatge,7,2.65
2025-02-12,Oli d'oliva,6,6.64
2025-01-27,Cafè,5,4.04
2025-03-10,Plàtan,3,0.52
2025-05-28,Sal,2,0.42
2025-01-11,Plàtan,7,0.53
2025-03-15,Ou,5,0.26
2025-04-14,Pollastre,5,4.71
2025-02-07,Pasta,4,1.18
2025-05-14,Llet,4,0.97
2025-01-23,Cervesa,4,0.89
2025-02-16,Pollastre,2,4.87
2025-03-31,Pollastre,1,5.0
2025-02-15,Oli d'oliva,2,5.97
2025-04-17,Te,3,2.14
2025-05-20,Paper higiènic,6,0.41
2025-05-21,Llet,5,0.86
2025-04-14,Xocolata,4,1.98
2025-04-21,Formatge,7,2.82
2025-04-14,Pollastre,4,4.83
2025-03-01,Vi negre,1,6.46
2025-06-20,Te,3,2.14
2025-04-10,Paper higiènic,5,0.48
2025-03-09,Pa,5,1.24
2025-05-13,Te,6,2.08
2025-04-30,Formatge,4,2.77
2025-02-06,Cafè,4,3.66
2025-03-13,Llet,4,0.93
2025-05-07,Oli d'oliva,2,6.83
2025-04-16,Ou,6,0.23
2025-04-02,Cervesa,4,0.91
2025-01-31,Sal,7,0.4
2025-05-02,Pasta,3,1.0
2025-05-17,Galetes,4,1.64
2025-02-20,Vi negre,4,5.6
2025-01-29,Xocolata,7,1.8
2025-02-09,Sucre,5,0.97
2025-02-10,Poma,4,0.63
2025-01-11,Pollastre,4,4.75
2025-05-31,Pasta,5,1.0
2025-01-01,Cervesa,5,0.88
2025-02-15,Formatge,9,2.48
2025-04-11,Pa,5,1.19
2025-05-29,Cafè,5,3.58
2025-03-31,Vi negre,4,5.49
2025-04-20,Llet,3,0.88
2025-06-13,Llet,7,0.94
2025-02-26,Formatge,2,2.82
2025-01-01,Enciam,6,0.84
2025-03-04,Paper higiènic,2,0.48
2025-02-24,Cervesa,8,0.79
2025-04-25,Tomàquet,6,1.03
2025-06-17,Plàtan,8,0.51
2025-05-23,Oli d'oliva,7,7.04
2025-05-29,Cafè,3,3.93
2025-06-24,Pa,10,1.18
2025-02-22,Enciam,7,0.97
2025-05-17,Galetes,3,1.39
2025-06-29,Galetes,7,1.47
2025-02-26,Formatge,5,2.61
2025-04-27,Iogurt,3,0.6
2025-06-03,Cervesa,2,0.84
2025-06-18,Plàtan,4,0.48
2025-02-04,Cervesa,5,0.8
2025-03-04,Te,9,1.97
2025-01-25,Formatge,5,2.45
2025-03-31,Te,4,2.2
2025-03-16,Te,4,2.11
2025-02-07,Aigua mineral,4,0.35
2025-05-10,Cafè,7,4.06
2025-05-15,Aigua mineral,7,0.37
2025-06-11,Iogurt,9,0.57
2025-04-01,Pollastre,3,4.75
2025-01-17,Sucre,5,1.05
2025-05-08,Tomàquet,5,1.16
2025-06-20,Oli d'oliva,4,6.74
2025-04-18,Formatge,3,2.55
2025-06-28,Tonyina (llauna),2,1.38
2025-06-01,Cervesa,3,0.88
2025-01-25,Sal,3,0.37
2025-06-29,Ou,6,0.25
2025-03-29,Pa,5,1.27
2025-06-10,Plàtan,2,0.48
2025-06-26,Galetes,3,1.43
2025-01-29,Llet,3,0.91
2025-03-04,Paper higiènic,10,0.45
2025-05-30,Aigua mineral,1,0.34
2025-06-03,Plàtan,5,0.47
2025-06-05,Aigua mineral,5,0.37
2025-04-24,Iogurt,6,0.59
2025-02-18,Te,9,1.91
2025-03-22,Enciam,8,0.88
2025-03-25,Formatge,5,2.49
2025-04-15,Ou,9,0.24
2025-06-26,Aigua mineral,4,0.36
2025-05-28,Cafè,8,3.58
2025-04-28,Sucre,8,1.07
2025-03-27,Enciam,3,0.92
2025-03-04,Paper higiènic,4,0.42
2025-04-14,Aigua mineral,5,0.38
2025-02-18,Plàtan,7,0.5
2025-03-12,Galetes,7,1.52
2025-01-01,Xocolata,3,1.92
2025-05-21,Vi negre,2,6.3
2025-06-28,Ou,6,0.25
2025-05-03,Aigua mineral,11,0.34
2025-03-03,Ou,5,0.24
2025-02-01,Formatge,9,2.64
2025-06-07,Arròs,6,1.32
2025-01-29,Ou,3,0.26
2025-02-18,Oli d'oliva,6,7.08
2025-06-22,Cafè,8,3.61
2025-01-30,Tonyina (llauna),4,1.36
2025-05-24,Tomàquet,3,1.1
2025-06-17,Aigua mineral,7,0.35
2025-01-19,Oli d'oliva,5,5.89
2025-01-18,Galetes,9,1.5
2025-01-01,Ou,1,0.27
2025-03-19,Cervesa,4,0.82
2025-04-25,Cafè,7,3.44
2025-06-24,Aigua mineral,6,0.34
2025-04-23,Paper higiènic,9,0.46
2025-04-24,Plàtan,4,0.46
2025-06-15,Te,3,2.13
2025-06-28,Iogurt,4,0.53
2025-03-04,Enciam,2,0.92
2025-05-12,Sucre,7,1.03
2025-05-09,Oli d'oliva,5,6.24
2025-01-08,Pa,6,1.13
2025-06-06,Paper higiènic,2,0.46
2025-02-24,Cafè,6,3.9
2025-04-13,Aigua mineral,3,0.38
2025-05-11,Pasta,3,1.18
2025-02-01,Te,3,2.16
2025-01-10,Formatge,6,2.57
2025-04-20,Oli d'oliva,5,6.25
2025-06-11,Aigua mineral,7,0.38
2025-05-04,Oli d'oliva,5,6.49
2025-03-28,Iogurt,5,0.55
2025-02-24,Iogurt,5,0.57
2025-02-01,Enciam,7,0.85
2025-06-27,Llet,5,0.94
2025-05-15,Oli d'oliva,2,6.04
2025-04-03,Aigua mineral,2,0.34
2025-01-08,Xocolata,6,1.81
2025-03-06,Oli d'oliva,8,6.17
2025-02-26,Paper higiènic,10,0.47
2025-03-08,Galetes,4,1.56
2025-03-13,Vi negre,7,6.33
2025-02-23,Sucre,5,1.02
2025-03-08,Vi negre,1,5.8
2025-02-20,Pollastre,5,5.06
2025-04-07,Formatge,6,2.41
2025-04-02,Pasta,6,1.16
2025-01-08,Aigua mineral,5,0.33
2025-06-11,Sal,3,0.44
2025-02-04,Te,5,2.23
2025-04-06,Te,4,2.14
2025-03-29,Poma,8,0.77
2025-03-19,Vi negre,8,5.38
2025-02-01,Cafè,5,3.61
2025-04-30,Poma,1,0.73
2025-02-15,Formatge,1,2.36
2025-05-24,Pollastre,5,5.35
2025-06-14,Pa,4,1.31
2025-05-22,Te,6,2.07
2025-02-24,Oli d'oliva,5,6.91
2025-06-25,Oli d'oliva,2,6.28
2025-01-07,Iogurt,11,0.6
2025-03-15,Formatge,4,2.34
2025-01-07,Sucre,6,1.05
2025-06-10,Llet,4,1.0
2025-05-31,Paper higiènic,5,0.43
2025-03-26,Pa,3,1.31
2025-05-27,Enciam,3,0.92
2025-04-22,Tonyina (llauna),4,1.48
2025-05-05,Galetes,2,1.45
2025-05-27,Cervesa,5,0.79
2025-02-05,Enciam,7,0.89
2025-01-29,Pollastre,7,5.69
2025-03-23,Xocolata,5,1.68
2025-01-02,Pollastre,5,4.88
2025-05-09,Aigua mineral,5,0.33
2025-02-16,Cervesa,10,0.89
2025-05-28,Cervesa,6,0.84
2025-01-11,Oli d'oliva,4,6.19
2025-05-10,Ou,5,0.23
2025-04-29,Cafè,3,3.62
2025-05-20,Xocolata,2,1.77
2025-01-20,Enciam,5,0.81
2025-01-05,Te,6,1.91
2025-02-06,Ou,7,0.27
2025-06-15,Plàtan,6,0.46
2025-05-17,Cafè,7,3.44
2025-02-22,Ou,3,0.26
2025-06-21,Iogurt,6,0.55
2025-04-09,Galetes,6,1.43
2025-03-27,Tomàquet,6,1.11
2025-04-18,Iogurt,6,0.51
2025-01-24,Xocolata,6,1.83
2025-03-22,Pollastre,5,5.68
2025-06-07,Tonyina (llauna),5,1.35
2025-04-30,Formatge,5,2.54
2025-02-28,Xocolata,2,1.76
2025-05-08,Pollastre,2,5.27
2025-04-24,Llet,7,0.89
2025-04-25,Paper higiènic,4,0.43
2025-01-14,Llet,5,0.91
2025-01-09,Galetes,2,1.46
2025-02-09,Oli d'oliva,4,6.73
2025-01-25,Pa,6,1.29
2025-04-13,Enciam,3,0.87
2025-01-22,Galetes,6,1.52
2025-01-04,Plàtan,2,0.55
2025-06-03,Plàtan,7,0.52
2025-01-29,Xocolata,3,1.95
2025-04-19,Sal,2,0.37
2025-04-08,Sucre,3,0.98
2025-02-06,Pollastre,7,5.19
2025-03-16,Plàtan,6,0.54
2025-03-11,Enciam,6,0.91
2025-05-26,Ou,5,0.24
2025-05-08,Arròs,8,1.31
2025-03-26,Pa,2,1.24
2025-02-11,Tonyina (llauna),4,1.38
2025-04-10,Sucre,7,0.94
2025-02-10,Formatge,3,2.52
2025-06-15,Enciam,5,0.88
2025-02-03,Aigua mineral,4,0.32
2025-01-17,Formatge,3,2.36
2025-06-14,Vi negre,2,5.34
2025-06-02,Tonyina (llauna),5,1.28
2025-05-02,Cafè,5,3.92
2025-03-17,Paper higiènic,6,0.44
2025-03-28,Sucre,5,1.1
2025-04-27,Tonyina (llauna),2,1.53
2025-04-16,Plàtan,6,0.51
2025-03-27,Sucre,3,1.0
2025-01-27,Aigua mineral,3,0.37
2025-02-26,Sucre,4,1.07
2025-01-31,Enciam,4,0.87
2025-05-14,Pasta,3,1.05
2025-06-17,Cafè,6,4.13
2025-04-08,Pa,5,1.31
2025-01-12,Tomàquet,5,1.19
2025-02-22,Te,4,2.1
2025-05-18,Te,7,2.17
2025-06-22,Sucre,5,1.04
2025-05-25,Arròs,7,1.35
2025-06-03,Pasta,5,1.03
2025-05-02,Xocolata,5,1.71
2025-02-15,Oli d'oliva,4,6.79
2025-03-05,Oli d'oliva,5,6.91
2025-05-10,Paper higiènic,2,0.49
2025-02-23,Poma,4,0.76
2025-04-17,Sucre,3,0.98
2025-02-20,Oli d'oliva,4,6.89
2025-06-30,Sucre,7,1.04
2025-02-05,Paper higiènic,5,0.43
2025-04-25,Te,5,2.08
2025-01-26,Ou,11,0.24
2025-01-29,Tomàquet,4,1.2
2025-05-29,Galetes,6,1.41
2025-01-11,Oli d'oliva,7,6.08
2025-02-09,Tomàquet,7,1.2
2025-01-11,Tonyina (llauna),4,1.44
2025-06-13,Pasta,5,1.17
2025-04-23,Aigua mineral,5,0.32
2025-02-08,Ou,5,0.25
2025-02-23,Pasta,2,1.05
2025-04-08,Tonyina (llauna),4,1.42
2025-02-24,Aigua mineral,2,0.38
2025-04-21,Tonyina (llauna),10,1.33
2025-06-01,Pa,2,1.21
2025-05-30,Enciam,6,0.98
2025-03-10,Pollastre,6,5.45
2025-02-25,Ou,4,0.26
2025-02-02,Pollastre,1,5.64
2025-02-05,Enciam,7,0.97
2025-05-28,Enciam,5,0.88
2025-03-22,Te,3,2.23
2025-04-19,Tonyina (llauna),10,1.43
2025-06-03,Pollastre,5,5.25
2025-03-14,Vi negre,6,5.59
2025-02-09,Pa,3,1.29
2025-01-17,Tonyina (llauna),3,1.45
2025-05-09,Tomàquet,4,1.18
2025-03-02,Poma,1,0.66
2025-06-20,Enciam,2,0.89
2025-04-14,Aigua mineral,6,0.33
2025-02-11,Galetes,6,1.39
2025-01-25,Tonyina (llauna),6,1.47
2025-02-08,Cervesa,3,0.84
2025-02-04,Galetes,3,1.43
2025-05-11,Sucre,2,1.03
2025-04-18,Cervesa,6,0.82
2025-06-21,Cafè,1,4.02
2025-06-28,Sal,3,0.4
2025-04-12,Sal,5,0.37
2025-04-08,Llet,6,1.0
2025-01-12,Iogurt,4,0.52
2025-01-19,Pa,3,1.09
2025-04-11,Iogurt,5,0.53
2025-02-13,Sal,6,0.43
2025-02-18,Poma,6,0.74
2025-01-17,Ou,4,0.26
2025-03-15,Cervesa,9,0.92
2025-02-26,Enciam,4,0.93
2025-02-24,Cafè,3,3.58
2025-02-16,Sucre,1,0.93
2025-01-12,Pa,5,1.27
2025-03-03,Pollastre,3,5.33
2025-03-21,Ou,4,0.27
2025-03-24,Cervesa,4,0.85
2025-01-08,Oli d'oliva,5,6.66
2025-05-29,Tomàquet,4,1.12
2025-03-22,Llet,5,0.92
2025-04-28,Oli d'oliva,7,6.16
2025-01-25,Arròs,6,1.33
2025-03-30,Llet,4,0.97
2025-01-12,Ou,5,0.25
2025-05-23,Pasta,4,1.0
2025-02-28,Tonyina (llauna),5,1.27
2025-06-03,Arròs,5,1.3
2025-04-19,Aigua mineral,6,0.36
2025-01-26,Sal,4,0.4
2025-02-16,Ou,5,0.25
2025-02-01,Xocolata,7,1.97
2025-01-10,Oli d'oliva,5,7.02
2025-01-16,Tomàquet,5,1.17
2025-05-25,Formatge,9,2.51
2025-05-31,Cafè,3,3.45
2025-01-26,Plàtan,5,0.46
2025-03-27,Te,3,2.15
2025-05-15,Llet,5,1.03
2025-01-14,Plàtan,4,0.53
2025-03-20,Formatge,7,2.36
2025-04-27,Vi negre,3,6.26
2025-01-07,Enciam,8,0.84
2025-05-17,Llet,2,0.99
2025-04-25,Sucre,3,1.03
2025-06-25,Oli d'oliva,6,6.92
2025-03-13,Pollastre,9,4.84
2025-02-28,Formatge,7,2.57
2025-03-23,Pasta,5,0.99
2025-04-26,Pa,1,1.17
2025-06-16,Galetes,5,1.41
2025-05-26,Tonyina (llauna),3,1.3
2025-04-13,Cervesa,3,0.84
2025-01-17,Poma,6,0.75
2025-01-14,Te,6,2.19
2025-06-08,Sucre,5,1.02
2025-06-01,Galetes,7,1.57
2025-04-18,Paper higiènic,7,0.48
2025-02-14,Plàtan,5,0.53
2025-04-08,Te,5,2.01
2025-05-11,Xocolata,6,1.65
2025-02-06,Pasta,6,1.17
2025-06-20,Sal,2,0.43
2025-06-17,Iogurt,9,0.53
2025-04-18,Formatge,5,2.48
2025-02-08,Tonyina (llauna),4,1.39
2025-01-15,Galetes,7,1.47
2025-04-30,Oli d'oliva,4,6.93
2025-01-04,Te,6,2.06
2025-04-03,Plàtan,10,0.46
2025-06-02,Pollastre,5,4.82
2025-05-21,Llet,6,0.99
2025-06-10,Formatge,4,2.83
2025-01-16,Formatge,4,2.82
2025-06-19,Pollastre,9,5.52
2025-04-18,Cervesa,4,0.81
2025-05-06,Oli d'oliva,5,6.01
2025-02-24,Galetes,4,1.51
2025-06-19,Enciam,4,0.82
2025-02-03,Pasta,8,1.02
2025-06-07,Vi negre,4,5.71
2025-01-13,Xocolata,2,1.66
2025-05-21,Iogurt,6,0.51
2025-01-18,Pa,2,1.25
2025-06-09,Paper higiènic,5,0.49
2025-04-06,Tomàquet,2,1.1
2025-05-03,Llet,6,1.0
2025-02-08,Paper higiènic,6,0.49
2025-02-15,Poma,4,0.73
2025-01-29,Tomàquet,6,1.0
2025-03-03,Iogurt,7,0.59
2025-01-16,Poma,4,0.69
2025-05-01,Paper higiènic,6,0.48
2025-01-10,Pa,3,1.22
2025-06-07,Pa,3,1.25
2025-06-02,Cervesa,7,0.9
2025-04-13,Cafè,5,3.71
2025-03-25,Ou,4,0.25
2025-05-13,Arròs,7,1.21
2025-03-06,Sal,4,0.36
2025-06-26,Formatge,7,2.35
2025-01-03,Pasta,4,1.12
2025-06-22,Cervesa,5,0.89
2025-05-22,Pasta,6,1.09
2025-04-30,Sucre,4,0.93
2025-06-07,Sucre,7,0.99
2025-03-09,Plàtan,2,0.48
2025-05-26,Poma,5,0.71
2025-02-06,Enciam,5,0.9
2025-06-02,Llet,6,0.86
2025-06-25,Vi negre,9,5.9
2025-06-30,Cafè,4,4.0
2025-03-14,Paper higiènic,5,0.42
2025-05-23,Pollastre,6,5.13
2025-02-18,Plàtan,5,0.54
2025-05-01,Pa,9,1.19
2025-03-29,Iogurt,2,0.59
2025-05-20,Sucre,5,0.93
2025-02-06,Tonyina (llauna),5,1.46
2025-03-02,Sal,7,0.39
2025-06-20,Poma,8,0.72
2025-05-04,Paper higiènic,9,0.42
2025-02-08,Paper higiènic,4,0.44
2025-03-04,Formatge,4,2.65
2025-02-15,Pasta,5,1.04
2025-03-29,Tonyina (llauna),7,1.54
2025-01-11,Iogurt,6,0.56
2025-03-03,Aigua mineral,11,0.38
2025-03-18,Xocolata,11,1.85
2025-06-02,Pasta,2,1.09
2025-02-21,Arròs,4,1.23
2025-01-04,Ou,2,0.23
2025-02-28,Sal,7,0.4
2025-03-13,Plàtan,4,0.49
2025-05-28,Cervesa,7,0.84
2025-04-03,Te,5,2.06
2025-03-04,Arròs,6,1.28
2025-02-23,Poma,6,0.64
2025-04-27,Poma,8,0.64
2025-04-20,Arròs,8,1.35
2025-03-15,Poma,4,0.66
2025-04-17,Formatge,3,2.39
2025-02-26,Galetes,2,1.56
2025-06-18,Plàtan,4,0.53
2025-01-03,Iogurt,2,0.53
2025-04-30,Sal,8,0.37
2025-01-06,Oli d'oliva,6,6.73
2025-01-05,Sucre,4,1.04
2025-01-05,Tonyina (llauna),6,1.42
2025-02-23,Cervesa,5,0.77
2025-02-16,Cafè,6,4.16
2025-06-26,Sucre,2,1.04
2025-01-09,Tonyina (llauna),7,1.3
2025-04-09,Vi negre,3,6.34
2025-01-20,Xocolata,7,1.95
2025-05-02,Iogurt,2,0.57
2025-03-02,Poma,3,0.73
2025-05-03,Poma,2,0.76
2025-06-12,Oli d'oliva,5,6.23
2025-06-27,Sucre,3,0.99
2025-03-23,Tonyina (llauna),4,1.46
2025-03-03,Llet,7,0.98
2025-05-25,Tonyina (llauna),4,1.26
2025-01-03,Xocolata,3,1.69
2025-06-09,Te,4,2.13
2025-01-13,Galetes,7,1.42
2025-04-30,Ou,5,0.25
2025-05-05,Formatge,6,2.38
2025-03-30,Arròs,5,1.36
2025-03-14,Llet,2,0.92
2025-03-09,Tonyina (llauna),10,1.29
2025-05-22,Ou,7,0.27
2025-04-11,Sucre,4,1.06
2025-04-08,Te,6,2.13
2025-01-11,Aigua mineral,3,0.38
2025-04-15,Pollastre,4,5.52
2025-03-08,Te,3,2.22
2025-05-03,Pollastre,6,5.68
2025-01-29,Pasta,6,1.17
2025-05-17,Tomàquet,6,1.08
2025-06-02,Iogurt,3,0.54
2025-03-17,Ou,5,0.24
2025-06-19,Pa,11,1.2
2025-01-09,Paper higiènic,3,0.49
2025-02-09,Formatge,9,2.84
2025-01-25,Tonyina (llauna),11,1.53
2025-01-05,Cervesa,1,0.79
2025-05-19,Llet,4,0.98
2025-05-04,Pasta,5,1.01
2025-02-07,Iogurt,3,0.59
2025-03-13,Ou,2,0.24
2025-05-13,Sucre,4,1.02
2025-06-25,Formatge,3,2.83
2025-03-31,Sal,4,0.43
2025-05-26,Enciam,4,0.95
2025-02-06,Xocolata,7,1.87
2025-03-01,Paper higiènic,4,0.44
2025-06-25,Ou,6,0.26
2025-01-28,Poma,10,0.64
2025-03-22,Tomàquet,8,1.12
2025-04-24,Te,6,2.3
2025-02-09,Enciam,6,0.87
2025-02-14,Poma,1,0.72
2025-03-03,Sucre,5,1.06
2025-04-03,Poma,6,0.69
2025-04-25,Iogurt,3,0.57
2025-03-08,Xocolata,3,1.87
2025-02-25,Ou,2,0.23
2025-02-09,Te,6,2.18
2025-04-08,Llet,5,1.02
2025-02-09,Pasta,4,0.99
2025-04-01,Xocolata,8,1.82
2025-02-02,Tonyina (llauna),3,1.33
2025-01-06,Cervesa,9,0.79
2025-05-27,Pollastre,4,5.58
2025-03-21,Xocolata,3,1.89
2025-06-17,Te,1,2.08
2025-04-02,Xocolata,7,1.92
2025-04-07,Pasta,3,1.07
2025-02-28,Tomàquet,6,1.05
2025-02-28,Poma,4,0.66
2025-02-17,Sucre,4,1.01
2025-06-18,Paper higiènic,9,0.41
2025-01-13,Cafè,6,3.76
2025-04-17,Oli d'oliva,1,6.4
2025-02-14,Aigua mineral,5,0.34
2025-03-30,Pollastre,4,4.81
2025-06-30,Plàtan,3,0.51
2025-06-19,Sucre,7,0.99
2025-04-10,Ou,10,0.26
2025-06-04,Ou,4,0.26
2025-06-15,Vi negre,4,6.11
2025-01-07,Pollastre,4,5.15
2025-05-13,Pollastre,2,5.16
2025-02-14,Cafè,6,3.81
2025-02-27,Plàtan,7,0.51
2025-01-31,Galetes,6,1.44
2025-01-23,Iogurt,4,0.5
2025-06-19,Plàtan,7,0.49
2025-05-18,Pasta,7,1.09
2025-06-09,Pa,6,1.16
2025-04-17,Paper higiènic,5,0.45
2025-06-30,Galetes,5,1.54
2025-06-07,Cervesa,5,0.77
2025-02-08,Pasta,7,1.06
2025-06-08,Ou,6,0.26
2025-03-23,Sal,5,0.41
2025-04-10,Sucre,3,0.97
2025-01-02,Ou,5,0.23
2025-03-18,Te,6,2.16
2025-01-12,Aigua mineral,7,0.32
2025-02-08,Sal,4,0.4
2025-01-13,Ou,5,0.25
2025-02-15,Cervesa,12,0.78
2025-06-04,Cervesa,3,0.78
2025-04-23,Iogurt,4,0.5
2025-01-17,Tomàquet,4,1.01
2025-04-14,Tonyina (llauna),5,1.46
2025-04-08,Formatge,3,2.47
2025-03-29,Vi negre,3,6.32
2025-04-19,Oli d'oliva,10,5.93
2025-06-12,Enciam,4,0.91
2025-03-11,Cafè,6,3.79
2025-06-07,Tonyina (llauna),4,1.46
2025-03-15,Sucre,7,0.93
2025-03-04,Sucre,6,0.94
2025-06-05,Sucre,3,0.95
2025-03-01,Pa,3,1.26
2025-03-20,Enciam,4,0.85
2025-02-06,Ou,5,0.26
2025-01-22,Plàtan,4,0.54
2025-05-28,Formatge,3,2.78
2025-04-06,Poma,4,0.63
2025-03-09,Tonyina (llauna),7,1.35
2025-01-17,Cervesa,3,0.89
2025-01-12,Aigua mineral,6,0.32
2025-05-30,Galetes,2,1.45
2025-05-25,Vi negre,10,6.27
2025-05-18,Sal,5,0.38
2025-04-28,Xocolata,6,1.73
2025-01-22,Xocolata,5,1.69
2025-04-30,Pasta,2,1.02
2025-02-19,Formatge,8,2.35
2025-01-14,Xocolata,5,1.84
2025-06-24,Arròs,6,1.27
2025-01-29,Arròs,6,1.32
2025-06-13,Te,6,2.06
2025-06-29,Vi negre,6,5.8
2025-05-05,Pollastre,5,4.83
2025-01-07,Llet,6,0.97
2025-01-29,Oli d'oliva,7,6.53
2025-05-19,Paper higiènic,5,0.45
2025-02-02,Formatge,4,2.52
2025-05-14,Paper higiènic,9,0.46
2025-04-21,Cervesa,3,0.91
2025-03-20,Formatge,7,2.43
2025-06-09,Ou,5,0.25
2025-06-28,Sal,3,0.37
2025-02-27,Enciam,7,0.91
2025-01-26,Sucre,4,0.97
2025-06-23,Enciam,7,0.97
2025-01-29,Tomàquet,6,1.05
2025-01-04,Tomàquet,7,1.2
2025-04-09,Formatge,5,2.35
2025-05-21,Pa,3,1.21
2025-02-08,Iogurt,5,0.56
2025-01-15,Poma,4,0.73
2025-04-29,Pa,3,1.22
2025-01-29,Cervesa,3,0.79
2025-06-06,Poma,6,0.65
2025-03-16,Tonyina (llauna),8,1.31
2025-04-26,Enciam,4,0.97
2025-02-01,Enciam,2,0.92
2025-05-10,Poma,2,0.76
2025-06-24,Oli d'oliva,5,6.43
2025-03-25,Pa,7,1.15
2025-01-22,Iogurt,8,0.5
2025-01-27,Formatge,8,2.8
2025-03-22,Llet,7,0.92
2025-05-06,Enciam,4,0.91
2025-04-02,Galetes,4,1.62
2025-01-21,Oli d'oliva,5,6.24
2025-02-16,Llet,7,0.94
2025-04-11,Aigua mineral,3,0.37
2025-03-25,Aigua mineral,4,0.38
2025-01-06,Iogurt,5,0.57
2025-05-27,Plàtan,5,0.47
2025-05-11,Pasta,6,1.07
2025-01-01,Formatge,5,2.48
2025-02-27,Enciam,6,0.84
2025-05-04,Formatge,7,2.73
2025-06-15,Aigua mineral,3,0.37
2025-01-15,Tonyina (llauna),7,1.36
2025-06-11,Tonyina (llauna),3,1.48
2025-06-12,Llet,4,0.92
2025-03-05,Tonyina (llauna),8,1.32
2025-01-25,Ou,7,0.23
2025-01-24,Plàtan,6,0.48
2025-01-12,Vi negre,6,5.87
2025-01-18,Llet,6,0.93
2025-01-15,Enciam,6,0.83
2025-01-27,Sucre,6,1.05
2025-03-13,Galetes,8,1.53
2025-03-01,Llet,7,0.96
2025-06-23,Arròs,6,1.19
2025-05-25,Vi negre,5,5.78
2025-04-03,Plàtan,4,0.52
2025-02-22,Llet,4,0.95
2025-01-08,Llet,3,1.03
2025-03-20,Tonyina (llauna),3,1.44
2025-01-27,Paper higiènic,5,0.42
2025-06-23,Cervesa,1,0.91
2025-02-19,Llet,4,0.93
2025-05-11,Tomàquet,4,1.18
2025-04-03,Formatge,7,2.57
2025-06-21,Enciam,5,0.87
2025-06-30,Galetes,8,1.43
2025-01-24,Aigua mineral,2,0.38
2025-03-01,Paper higiènic,3,0.44
2025-05-02,Galetes,8,1.42
2025-05-11,Xocolata,6,1.77
2025-05-28,Tomàquet,6,1.07
2025-02-15,Te,6,2.13
2025-01-15,Tomàquet,9,1.13
2025-06-02,Pa,4,1.14
2025-01-17,Sucre,4,0.93
2025-05-06,Oli d'oliva,4,5.98
2025-03-25,Te,6,2.18
2025-01-09,Tonyina (llauna),6,1.33
2025-06-15,Te,7,1.97
2025-06-25,Ou,7,0.23
2025-03-04,Te,5,2.17
2025-04-27,Ou,5,0.26
2025-05-10,Xocolata,4,1.77
2025-03-29,Sucre,1,1.05
2025-03-13,Galetes,8,1.54
2025-05-19,Galetes,5,1.59
2025-03-05,Arròs,8,1.3
2025-03-13,Arròs,8,1.31
2025-01-21,Iogurt,9,0.56
2025-01-18,Enciam,3,0.95
2025-03-05,Xocolata,5,1.88
2025-03-23,Cafè,5,3.98
2025-04-20,Cafè,6,3.58
2025-04-05,Sal,5,0.38
2025-06-15,Aigua mineral,3,0.37
2025-02-01,Sal,6,0.42
2025-01-11,Aigua mineral,4,0.33
2025-02-14,Cafè,4,3.83
2025-02-02,Te,4,1.92
2025-04-12,Paper higiènic,2,0.45
2025-06-18,Cervesa,6,0.85
2025-05-16,Xocolata,4,1.94
2025-01-11,Iogurt,4,0.6
2025-06-28,Tonyina (llauna),8,1.34
2025-03-29,Galetes,7,1.47
2025-02-10,Enciam,6,0.93
2025-05-25,Sal,3,0.43
2025-03-17,Pollastre,5,5.21
2025-05-01,Galetes,7,1.63
2025-02-15,Aigua mineral,6,0.34
2025-06-09,Llet,4,1.02
2025-03-21,Sal,6,0.38
2025-02-23,Paper higiènic,5,0.49
2025-03-27,Llet,2,1.03
2025-04-02,Pasta,3,1.12
2025-05-28,Oli d'oliva,7,6.61
2025-06-10,Pollastre,7,5.66
2025-06-17,Sucre,9,0.92
2025-06-09,Cervesa,2,0.92
2025-04-07,Sucre,4,1.08
2025-01-02,Sal,4,0.37
2025-02-02,Xocolata,4,1.85
2025-06-07,Plàtan,6,0.52
2025-06-10,Sucre,8,1.05
2025-03-18,Galetes,7,1.39
2025-04-26,Paper higiènic,3,0.48
2025-06-03,Sal,6,0.43
2025-05-30,Enciam,4,0.93
2025-04-13,Oli d'oliva,6,6.09
2025-06-15,Plàtan,6,0.54
2025-04-13,Poma,4,0.67
2025-03-31,Pollastre,4,4.9
2025-06-23,Pasta,9,1.15
2025-05-02,Pa,3,1.29
2025-05-23,Pasta,4,1.11
2025-04-16,Ou,8,0.25
2025-04-29,Oli d'oliva,4,6.9
2025-06-21,Llet,9,1.02
2025-02-18,Pollastre,4,5.61
2025-04-14,Iogurt,4,0.52
2025-03-02,Iogurt,4,0.59
2025-05-03,Sal,6,0.38
2025-05-14,Cervesa,3,0.8
2025-01-09,Ou,7,0.25
2025-01-06,Tonyina (llauna),4,1.36
2025-03-14,Ou,6,0.25
2025-04-13,Sucre,6,0.92
2025-06-09,Plàtan,3,0.48
2025-02-10,Vi negre,5,6.15
2025-04-24,Paper higiènic,4,0.43
2025-01-08,Pollastre,3,5.64
2025-03-13,Ou,6,0.26
2025-06-27,Poma,5,0.75
2025-04-02,Sucre,5,0.95
2025-03-03,Galetes,6,1.36
2025-03-25,Pa,7,1.15
2025-03-03,Paper higiènic,7,0.42
2025-04-21,Galetes,4,1.51
2025-05-07,Arròs,5,1.38
2025-01-07,Cervesa,3,0.78
2025-03-25,Galetes,3,1.64
2025-05-12,Te,3,2.2
2025-05-14,Te,6,2.24
2025-02-27,Pasta,8,1.04
2025-01-22,Tonyina (llauna),2,1.35
2025-06-03,Poma,2,0.76
2025-05-07,Pa,5,1.22
2025-01-03,Paper higiènic,4,0.49
2025-05-07,Pollastre,6,5.21
2025-02-10,Pasta,7,0.99
2025-04-16,Sucre,3,0.97
2025-01-14,Iogurt,8,0.51
2025-01-12,Cervesa,3,0.89
2025-03-28,Oli d'oliva,6,5.99
2025-01-12,Te,7,1.93
2025-05-21,Cafè,2,3.99
2025-01-25,Ou,6,0.24
2025-02-14,Ou,7,0.27
2025-05-02,Pollastre,5,5.68
2025-05-27,Poma,5,0.65
2025-02-24,Arròs,7,1.26
2025-04-10,Sucre,3,1.03
2025-06-22,Poma,7,0.76
2025-05-16,Xocolata,3,1.89
2025-04-29,Vi negre,7,6.3
2025-02-22,Tomàquet,3,1.0
2025-02-01,Oli d'oliva,2,6.31
2025-02-20,Formatge,6,2.45
2025-02-13,Cervesa,3,0.78
2025-03-23,Vi negre,6,6.25
2025-05-26,Sal,6,0.41
2025-05-30,Aigua mineral,5,0.36
2025-02-06,Formatge,4,2.65
2025-04-06,Pollastre,5,5.01
2025-02-25,Oli d'oliva,5,6.43
2025-04-15,Tomàquet,5,1.2
2025-02-28,Oli d'oliva,3,6.28
2025-05-11,Tonyina (llauna),5,1.42
2025-06-05,Sal,5,0.43
2025-02-04,Poma,6,0.69
2025-04-03,Tonyina (llauna),5,1.49
2025-04-07,Iogurt,6,0.56
2025-05-15,Llet,2,0.88
2025-03-17,Vi negre,4,6.26
2025-02-18,Oli d'oliva,7,6.53
2025-04-04,Oli d'oliva,2,6.3
2025-06-08,Plàtan,4,0.48
2025-01-24,Pasta,3,1.08
2025-05-28,Xocolata,3,1.89
2025-02-06,Paper higiènic,4,0.42
2025-01-04,Xocolata,4,1.97
2025-04-18,Pa,5,1.26
2025-05-06,Iogurt,3,0.54
2025-01-20,Tonyina (llauna),6,1.51
2025-06-01,Galetes,4,1.37
2025-02-19,Tonyina (llauna),5,1.33
2025-06-26,Tonyina (llauna),9,1.45
2025-06-28,Llet,2,0.92
2025-04-06,Oli d'oliva,6,6.91
2025-04-15,Paper higiènic,5,0.48
2025-06-13,Enciam,6,0.89
2025-04-27,Tomàquet,4,1.02
2025-04-08,Iogurt,4,0.57
2025-03-07,Sal,5,0.37
2025-03-20,Formatge,3,2.48
2025-06-11,Plàtan,5,0.55
2025-06-13,Pollastre,11,5.27
2025-01-06,Pollastre,5,5.41
2025-02-08,Te,6,2.21
2025-06-19,Enciam,4,0.98
2025-04-25,Xocolata,5,1.86
2025-05-05,Xocolata,6,1.81
2025-01-12,Pa,5,1.1
2025-05-11,Iogurt,4,0.51
2025-01-18,Te,8,2.05
2025-02-09,Pasta,3,1.04
2025-01-21,Formatge,7,2.64
2025-05-23,Tonyina (llauna),3,1.33
2025-04-09,Sucre,4,0.95
2025-01-26,Xocolata,4,1.77
2025-01-08,Xocolata,9,1.94
2025-04-10,Arròs,4,1.35
2025-03-28,Te,7,2.23
2025-02-11,Pollastre,9,5.3
2025-06-21,Cervesa,9,0.85
2025-01-14,Te,5,2.25
2025-03-19,Arròs,4,1.38
2025-01-02,Aigua mineral,6,0.32
2025-04-29,Tonyina (llauna),5,1.47
2025-02-06,Poma,5,0.65
2025-03-10,Plàtan,4,0.5
2025-06-15,Paper higiènic,9,0.44
2025-02-10,Llet,2,1.0
2025-03-03,Xocolata,7,1.84
2025-03-01,Sucre,3,0.95
2025-05-05,Iogurt,5,0.57
2025-04-21,Aigua mineral,5,0.32
2025-01-14,Arròs,4,1.2
2025-03-25,Formatge,4,2.34
2025-05-10,Formatge,4,2.52
2025-03-11,Cervesa,6,0.79
2025-05-25,Plàtan,6,0.53
2025-05-03,Sucre,6,0.93
2025-03-30,Pollastre,4,5.31
2025-01-28,Xocolata,7,1.64
2025-03-07,Cafè,3,4.0
2025-06-12,Paper higiènic,4,0.45
2025-01-05,Pasta,4,1.08
2025-06-17,Iogurt,5,0.57
2025-06-13,Plàtan,4,0.47
2025-02-14,Pa,7,1.16
2025-05-31,Cafè,5,3.46
2025-02-16,Galetes,4,1.65
2025-01-31,Vi negre,6,5.76
2025-05-19,Cervesa,5,0.89
2025-01-10,Sucre,5,1.02
2025-04-28,Enciam,6,0.93
2025-01-14,Pollastre,6,5.64
2025-03-21,Xocolata,9,1.86
2025-04-03,Te,4,2.12
2025-01-10,Arròs,4,1.37
2025-03-17,Cervesa,7,0.88
2025-04-04,Oli d'oliva,3,6.41
2025-04-15,Llet,3,0.88
2025-01-01,Poma,4,0.72
2025-05-13,Plàtan,8,0.54
2025-01-20,Tomàquet,3,1.02
2025-01-08,Te,2,2.02
2025-06-20,Pa,6,1.15
2025-01-01,Galetes,5,1.35
2025-02-26,Tomàquet,4,1.2
2025-03-05,Cafè,4,3.94
2025-04-28,Pollastre,3,5.55
2025-01-28,Vi negre,5,5.54
2025-05-01,Vi negre,4,6.33
2025-04-17,Pasta,8,1.05
2025-06-14,Te,5,2.29
2025-06-24,Iogurt,6,0.5
2025-06-14,Tonyina (llauna),3,1.4
2025-02-18,Tomàquet,6,1.19
2025-04-30,Iogurt,4,0.59
2025-02-13,Cervesa,3,0.83
2025-02-25,Ou,3,0.25
2025-06-05,Oli d'oliva,8,6.73
2025-04-21,Pasta,4,1.05
2025-05-14,Enciam,5,0.92
2025-04-18,Pa,9,1.18
2025-05-28,Galetes,7,1.64
2025-04-24,Paper higiènic,2,0.47
2025-03-19,Enciam,5,0.91
2025-05-10,Tonyina (llauna),4,1.35
2025-02-06,Xocolata,10,1.78
2025-01-20,Iogurt,5,0.54
2025-01-26,Enciam,5,0.96
2025-01-29,Formatge,7,2.64
2025-01-01,Oli d'oliva,13,6.55
